08.06.2013 22:00:57,0
08.06.2013 22:04:01,0
08.06.2013 22:07:01,0
08.06.2013 22:09:57,0
08.06.2013 22:12:53,0
08.06.2013 22:15:49,0
08.06.2013 22:18:45,0
08.06.2013 22:21:43,0
08.06.2013 22:24:38,0
08.06.2013 22:27:37,0
08.06.2013 22:30:36,0
08.06.2013 22:33:31,0
08.06.2013 22:36:27,0
08.06.2013 22:39:24,0
08.06.2013 22:42:21,0
08.06.2013 22:45:17,0
08.06.2013 22:48:12,0
08.06.2013 22:51:09,0
08.06.2013 22:54:06,0
08.06.2013 22:57:06,0
08.06.2013 23:00:01,0
08.06.2013 23:03:01,0
08.06.2013 23:05:58,0
08.06.2013 23:08:55,0
08.06.2013 23:11:52,0
08.06.2013 23:14:49,0
08.06.2013 23:17:46,0
08.06.2013 23:20:42,0
08.06.2013 23:23:36,0
08.06.2013 23:26:32,0
08.06.2013 23:29:30,0
08.06.2013 23:32:26,0
08.06.2013 23:35:22,0
08.06.2013 23:38:19,0
08.06.2013 23:41:16,0
08.06.2013 23:44:13,0
08.06.2013 23:47:09,0
08.06.2013 23:50:05,0
08.06.2013 23:53:01,0
08.06.2013 23:55:57,0
08.06.2013 23:58:53,0
09.06.2013 00:01:51,0
09.06.2013 00:04:47,0
09.06.2013 00:07:42,0
09.06.2013 00:10:38,0
09.06.2013 00:13:36,0
09.06.2013 00:16:32,0
09.06.2013 00:19:27,0
09.06.2013 00:22:22,0
09.06.2013 00:25:16,0
09.06.2013 00:28:11,0
09.06.2013 00:31:06,0
09.06.2013 00:34:00,0
09.06.2013 00:36:55,0
09.06.2013 00:39:50,0
09.06.2013 00:42:45,0
09.06.2013 00:45:41,0
09.06.2013 00:48:37,0
09.06.2013 00:51:32,0
09.06.2013 00:54:28,0
09.06.2013 00:57:24,0
09.06.2013 01:00:21,0
09.06.2013 01:03:19,0
09.06.2013 01:06:15,0
09.06.2013 01:09:13,0
09.06.2013 01:12:09,0
09.06.2013 01:15:04,0
09.06.2013 01:18:01,0
09.06.2013 01:20:58,0
09.06.2013 01:23:54,0
09.06.2013 01:26:50,0
09.06.2013 01:29:46,0
09.06.2013 01:32:42,0
09.06.2013 01:35:39,0
09.06.2013 01:38:34,0
09.06.2013 01:41:31,0
09.06.2013 01:44:26,0
09.06.2013 01:47:23,0
09.06.2013 01:50:19,0
09.06.2013 01:53:15,0
09.06.2013 01:56:12,0
09.06.2013 01:59:08,0
09.06.2013 02:02:08,0
09.06.2013 02:05:05,0
09.06.2013 02:08:02,0
09.06.2013 02:10:58,0
09.06.2013 02:13:56,0
09.06.2013 02:16:53,0
09.06.2013 02:19:57,0
09.06.2013 02:22:53,0
09.06.2013 02:25:54,0
09.06.2013 02:28:51,0
09.06.2013 02:31:48,0
09.06.2013 02:34:45,0
09.06.2013 02:37:46,0
09.06.2013 02:40:51,0
09.06.2013 02:43:47,0
09.06.2013 02:46:45,0
09.06.2013 02:49:40,0
09.06.2013 02:52:35,0
09.06.2013 02:55:31,0
09.06.2013 02:58:28,0
09.06.2013 03:01:25,0
09.06.2013 03:04:23,0
09.06.2013 03:07:20,0
09.06.2013 03:10:15,0
09.06.2013 03:13:12,0
09.06.2013 03:16:06,0
09.06.2013 03:19:01,0
09.06.2013 03:21:56,0
09.06.2013 03:24:52,0
09.06.2013 03:27:48,0
09.06.2013 03:30:44,0
09.06.2013 03:33:40,0
09.06.2013 03:36:37,0
09.06.2013 03:39:36,0
09.06.2013 03:42:32,0
09.06.2013 03:45:28,0
09.06.2013 03:48:25,0
09.06.2013 03:51:21,0
09.06.2013 03:54:17,0
09.06.2013 03:57:14,0
09.06.2013 04:00:09,0
09.06.2013 04:03:08,0
09.06.2013 04:06:05,0
09.06.2013 04:09:01,0
09.06.2013 04:11:57,0
09.06.2013 04:14:53,0
09.06.2013 04:17:50,0
09.06.2013 04:20:46,0
09.06.2013 04:23:42,0
09.06.2013 04:26:39,0
09.06.2013 04:29:35,0
09.06.2013 04:32:32,0
09.06.2013 04:35:27,0
09.06.2013 04:38:23,0
09.06.2013 04:41:19,0
09.06.2013 04:44:17,0
09.06.2013 04:47:13,0
09.06.2013 04:50:09,0
09.06.2013 04:53:06,0
09.06.2013 04:56:02,0
09.06.2013 04:58:57,0
09.06.2013 05:01:56,0
09.06.2013 05:05:01,0
09.06.2013 05:08:24,0
09.06.2013 05:11:21,0
09.06.2013 05:14:17,0
09.06.2013 05:17:16,0
09.06.2013 05:20:11,0
09.06.2013 05:23:07,0
09.06.2013 05:26:02,0
09.06.2013 05:28:58,0
09.06.2013 05:31:54,0
09.06.2013 05:34:50,0
09.06.2013 05:37:45,0
09.06.2013 05:40:41,0
09.06.2013 05:43:36,0
09.06.2013 05:46:31,0
09.06.2013 05:49:27,0
09.06.2013 05:52:22,0
09.06.2013 05:55:17,0
09.06.2013 05:58:14,0
09.06.2013 06:01:11,0
09.06.2013 06:04:09,0
09.06.2013 06:07:05,0
09.06.2013 06:10:01,0
09.06.2013 06:12:58,0
09.06.2013 06:15:54,0
09.06.2013 06:18:51,0
09.06.2013 06:21:48,0
09.06.2013 06:24:45,0
09.06.2013 06:27:41,0
09.06.2013 06:30:36,0
09.06.2013 06:33:33,0
09.06.2013 06:36:31,0
09.06.2013 06:39:27,0
09.06.2013 06:42:23,0
09.06.2013 06:45:18,0
09.06.2013 06:48:15,0
09.06.2013 06:51:11,0
09.06.2013 06:54:10,0
09.06.2013 06:57:06,0
09.06.2013 07:00:05,0
09.06.2013 07:03:04,0
09.06.2013 07:06:01,0
09.06.2013 07:08:58,0
09.06.2013 07:11:55,0
09.06.2013 07:14:51,0
09.06.2013 07:17:48,0
09.06.2013 07:20:44,0
09.06.2013 07:23:41,0
09.06.2013 07:26:37,0
09.06.2013 07:29:34,0
09.06.2013 07:32:31,0
09.06.2013 07:35:26,0
09.06.2013 07:38:22,0
09.06.2013 07:41:20,0
09.06.2013 07:44:14,0
09.06.2013 07:47:11,0
09.06.2013 07:50:08,0
09.06.2013 07:53:04,0
09.06.2013 07:55:59,0
09.06.2013 07:58:55,0
09.06.2013 08:01:54,0
09.06.2013 08:04:55,0
09.06.2013 08:07:52,0
09.06.2013 08:10:50,0
09.06.2013 08:13:49,0
09.06.2013 08:16:47,0
09.06.2013 08:19:44,0
09.06.2013 08:22:40,0
09.06.2013 08:25:37,0
09.06.2013 08:28:33,0
09.06.2013 08:31:30,0
09.06.2013 08:34:27,0
09.06.2013 08:37:23,0
09.06.2013 08:40:20,0
09.06.2013 08:43:17,0
09.06.2013 08:46:14,0
09.06.2013 08:49:11,0
09.06.2013 08:52:09,0
09.06.2013 08:55:04,0
09.06.2013 08:58:01,0
09.06.2013 09:00:57,0
09.06.2013 09:03:57,0
09.06.2013 09:06:54,0
09.06.2013 09:09:52,0
09.06.2013 09:12:48,0
09.06.2013 09:15:44,0
09.06.2013 09:18:43,0
09.06.2013 09:21:40,0
09.06.2013 09:24:37,0
09.06.2013 09:27:35,0
09.06.2013 09:30:32,0
09.06.2013 09:33:28,0
09.06.2013 09:36:24,0
09.06.2013 09:39:20,0
09.06.2013 09:42:16,0
09.06.2013 09:45:11,0
09.06.2013 09:48:10,0
09.06.2013 09:51:07,0
09.06.2013 09:54:06,0
09.06.2013 09:57:02,0
09.06.2013 10:00:00,0
09.06.2013 10:03:02,0
09.06.2013 10:05:58,0
09.06.2013 10:08:55,0
09.06.2013 10:11:51,0
09.06.2013 10:14:47,0
09.06.2013 10:17:45,0
09.06.2013 10:20:40,0
09.06.2013 10:23:35,0
09.06.2013 10:26:31,0
09.06.2013 10:29:28,0
09.06.2013 10:32:25,0
09.06.2013 10:35:23,0
09.06.2013 10:38:20,0
09.06.2013 10:41:16,0
09.06.2013 10:44:13,0
09.06.2013 10:47:09,0
09.06.2013 10:50:07,0
09.06.2013 10:53:05,0
09.06.2013 10:56:02,0
09.06.2013 10:58:59,0
09.06.2013 11:02:01,0
09.06.2013 11:05:00,0
09.06.2013 11:07:56,0
09.06.2013 11:10:53,0
09.06.2013 11:13:48,0
09.06.2013 11:16:46,0
09.06.2013 11:19:44,0
09.06.2013 11:22:42,0
09.06.2013 11:25:39,0
09.06.2013 11:28:37,0
09.06.2013 11:31:37,0
09.06.2013 11:34:33,0
09.06.2013 11:37:30,0
09.06.2013 11:40:26,0
09.06.2013 11:43:26,0
09.06.2013 11:46:23,0
09.06.2013 11:49:20,0
09.06.2013 11:52:16,0
09.06.2013 11:55:13,0
09.06.2013 11:58:11,0
09.06.2013 12:01:09,0
09.06.2013 12:04:06,0
09.06.2013 12:07:05,0
09.06.2013 12:10:00,0
09.06.2013 12:12:59,0
09.06.2013 12:15:58,0
09.06.2013 12:18:55,0
09.06.2013 12:21:51,0
09.06.2013 12:24:47,0
09.06.2013 12:27:43,0
09.06.2013 12:30:40,0
09.06.2013 12:33:36,0
09.06.2013 12:36:32,0
09.06.2013 12:39:30,0
09.06.2013 12:42:27,0
09.06.2013 12:45:25,0
09.06.2013 12:48:22,0
09.06.2013 12:51:18,0
09.06.2013 12:54:14,0
09.06.2013 12:57:10,0
09.06.2013 13:00:09,0
09.06.2013 13:03:09,0
09.06.2013 13:06:06,0
09.06.2013 13:09:02,0
09.06.2013 13:12:01,0
09.06.2013 13:15:00,0
09.06.2013 13:17:59,0
09.06.2013 13:20:55,0
09.06.2013 13:23:53,0
09.06.2013 13:26:50,0
09.06.2013 13:29:47,0
09.06.2013 13:32:44,0
09.06.2013 13:35:41,0
09.06.2013 13:38:38,0
09.06.2013 13:41:34,0
09.06.2013 13:44:31,0
09.06.2013 13:47:28,0
09.06.2013 13:50:25,0
09.06.2013 13:53:22,0
09.06.2013 13:56:18,0
09.06.2013 13:59:14,0
09.06.2013 14:02:12,0
09.06.2013 14:05:09,0
09.06.2013 14:08:08,0
09.06.2013 14:11:05,0
09.06.2013 14:14:03,0
09.06.2013 14:17:03,0
09.06.2013 14:20:03,0
09.06.2013 14:23:00,0
09.06.2013 14:25:56,0
09.06.2013 14:28:52,0
09.06.2013 14:31:50,0
09.06.2013 14:34:47,0
09.06.2013 14:37:44,0
09.06.2013 14:40:42,0
09.06.2013 14:43:38,0
09.06.2013 14:46:34,0
09.06.2013 14:49:29,0
09.06.2013 14:52:27,0
09.06.2013 14:55:24,0
09.06.2013 14:58:20,0
09.06.2013 15:01:21,0
09.06.2013 15:04:20,0
09.06.2013 15:07:19,0
09.06.2013 15:10:14,0
09.06.2013 15:13:10,0
09.06.2013 15:16:08,0
09.06.2013 15:19:05,0
09.06.2013 15:22:01,0
09.06.2013 15:24:58,0
09.06.2013 15:27:56,0
09.06.2013 15:30:53,0
09.06.2013 15:33:50,0
09.06.2013 15:36:46,0
09.06.2013 15:39:42,0
09.06.2013 15:42:38,0
09.06.2013 15:45:35,0
09.06.2013 15:48:33,0
09.06.2013 15:51:30,0
09.06.2013 15:54:30,0
09.06.2013 15:57:26,0
09.06.2013 16:00:24,0
09.06.2013 16:03:22,0
09.06.2013 16:06:21,0
09.06.2013 16:09:17,0
09.06.2013 16:12:13,0
09.06.2013 16:15:13,0
09.06.2013 16:18:12,0
09.06.2013 16:21:09,0
09.06.2013 16:24:05,0
09.06.2013 16:27:02,0
09.06.2013 16:29:59,0
09.06.2013 16:32:57,0
09.06.2013 16:35:54,0
09.06.2013 16:38:51,0
09.06.2013 16:41:50,0
09.06.2013 16:44:47,0
09.06.2013 16:47:47,0
09.06.2013 16:50:44,0
09.06.2013 16:53:41,0
09.06.2013 16:56:40,0
09.06.2013 16:59:37,0
09.06.2013 17:02:36,0
09.06.2013 17:05:34,0
09.06.2013 17:08:30,0
09.06.2013 17:11:25,0
09.06.2013 17:14:25,0
09.06.2013 17:17:22,0
09.06.2013 17:20:19,0
09.06.2013 17:23:15,0
09.06.2013 17:26:11,0
09.06.2013 17:29:09,0
09.06.2013 17:32:06,0
09.06.2013 17:35:01,0
09.06.2013 17:37:57,0
09.06.2013 17:40:51,0
09.06.2013 17:43:50,0
09.06.2013 17:46:47,0
09.06.2013 17:49:43,0
09.06.2013 17:52:39,0
09.06.2013 17:55:36,0
09.06.2013 17:58:32,0
09.06.2013 18:01:34,0
09.06.2013 18:04:32,0
09.06.2013 18:07:29,0
09.06.2013 18:10:29,0
09.06.2013 18:13:25,0
09.06.2013 18:16:23,0
09.06.2013 18:19:20,0
09.06.2013 18:22:18,0
09.06.2013 18:25:15,0
09.06.2013 18:28:12,0
09.06.2013 18:31:10,0
09.06.2013 18:34:08,0
09.06.2013 18:37:05,0
09.06.2013 18:40:04,0
09.06.2013 18:43:02,0
09.06.2013 18:45:59,0
09.06.2013 18:48:56,0
09.06.2013 18:51:53,0
09.06.2013 18:54:51,0
09.06.2013 18:57:48,0
09.06.2013 19:00:50,0
09.06.2013 19:03:50,0
09.06.2013 19:06:47,0
09.06.2013 19:09:45,0
09.06.2013 19:12:43,0
09.06.2013 19:15:40,0
09.06.2013 19:18:37,0
09.06.2013 19:21:33,0
09.06.2013 19:24:45,0
09.06.2013 19:27:55,0
09.06.2013 19:31:03,0
09.06.2013 19:34:17,0
09.06.2013 19:37:25,0
09.06.2013 19:40:34,0
09.06.2013 19:43:42,0
09.06.2013 19:46:59,0
09.06.2013 19:50:03,0
09.06.2013 19:53:02,0
09.06.2013 19:56:00,0
09.06.2013 19:59:11,0
09.06.2013 20:02:27,0
09.06.2013 20:05:34,0
09.06.2013 20:08:39,0
09.06.2013 20:11:49,0
09.06.2013 20:14:57,0
09.06.2013 20:17:59,0
09.06.2013 20:20:59,0
09.06.2013 20:24:10,0
09.06.2013 20:27:20,0
09.06.2013 20:30:22,0
09.06.2013 20:33:28,0
09.06.2013 20:36:30,0
09.06.2013 20:39:31,0
09.06.2013 20:42:40,0
09.06.2013 20:45:43,0
09.06.2013 20:48:46,0
09.06.2013 20:51:42,0
09.06.2013 20:54:41,0
09.06.2013 20:57:43,0
09.06.2013 21:00:41,0
09.06.2013 21:03:43,0
09.06.2013 21:06:39,0
09.06.2013 21:09:35,0
09.06.2013 21:12:30,0
09.06.2013 21:15:28,0
09.06.2013 21:18:23,0
09.06.2013 21:21:18,0
09.06.2013 21:24:13,0
09.06.2013 21:27:11,1.97629432975214
09.06.2013 21:30:07,4.90152738202258
09.06.2013 21:33:03,8.54707002849261
09.06.2013 21:35:59,9.03342225316957
09.06.2013 21:38:56,13.9226496687747
09.06.2013 21:41:53,9.64573737927188
09.06.2013 21:44:49,10.2626921918421
09.06.2013 21:47:45,7.58428217386134
09.06.2013 21:50:42,7.22684486489622
09.06.2013 21:53:38,12.9000695138733
09.06.2013 21:56:35,17.9658349277433
09.06.2013 21:59:31,19.4282967071207
